Name,Set,Qty,Foil,Avg Price,Rarity,Number
Annex Sentry,Phyrexia: All Will Be One,1,TRUE,0.17,Uncommon,2
Apostle of Invasion,Phyrexia: All Will Be One,1,TRUE,0.06,Uncommon,3
Basilica Shepherd,Phyrexia: All Will Be One,1,TRUE,0.11,Common,4
Bladed Ambassador,Phyrexia: All Will Be One,1,TRUE,0.03,Uncommon,5
Charge of the Mites,Phyrexia: All Will Be One,1,TRUE,0.18,Common,6
Compleat Devotion,Phyrexia: All Will Be One,1,TRUE,0.07,Common,7
Crawling Chorus,Phyrexia: All Will Be One,1,TRUE,0.17,Common,8
Duelist of Deep Faith,Phyrexia: All Will Be One,1,TRUE,0.07,Common,9
"Elesh Norn, Mother of Machines",Phyrexia: All Will Be One,1,TRUE,22.40,Mythic Rare,10
The Eternal Wanderer,Phyrexia: All Will Be One,1,TRUE,2.35,Rare,11
Flensing Raptor,Phyrexia: All Will Be One,1,TRUE,0.11,Common,12
Goldwarden's Helm,Phyrexia: All Will Be One,1,TRUE,0.07,Common,13
Hexgold Hoverwings,Phyrexia: All Will Be One,1,TRUE,0.11,Uncommon,14
Incisor Glider,Phyrexia: All Will Be One,1,TRUE,0.06,Common,15
Indoctrination Attendant,Phyrexia: All Will Be One,1,TRUE,0.12,Common,16
Infested Fleshcutter,Phyrexia: All Will Be One,1,TRUE,0.18,Uncommon,17
Jawbone Duelist,Phyrexia: All Will Be One,1,TRUE,0.17,Uncommon,18
"Kemba, Kha Enduring",Phyrexia: All Will Be One,1,TRUE,0.32,Rare,19
Leonin Lightbringer,Phyrexia: All Will Be One,1,TRUE,0.03,Common,20
Mandible Justiciar,Phyrexia: All Will Be One,1,TRUE,0.09,Common,21
Mirran Bardiche,Phyrexia: All Will Be One,1,TRUE,0.14,Common,22
"Mondrak, Glory Dominus",Phyrexia: All Will Be One,1,FALSE,40.28,Mythic Rare,23
Norn's Wellspring,Phyrexia: All Will Be One,1,TRUE,0.17,Rare,24
Orthodoxy Enforcer,Phyrexia: All Will Be One,1,TRUE,0.03,Common,25
Ossification,Phyrexia: All Will Be One,1,TRUE,0.81,Uncommon,26
Phyrexian Vindicator,Phyrexia: All Will Be One,1,FALSE,3.00,Mythic Rare,27
Planar Disruption,Phyrexia: All Will Be One,1,TRUE,0.22,Common,28
Plated Onslaught,Phyrexia: All Will Be One,1,TRUE,0.10,Uncommon,29
Porcelain Zealot,Phyrexia: All Will Be One,1,FALSE,0.15,Uncommon,30
Resistance Reunited,Phyrexia: All Will Be One,1,TRUE,0.07,Uncommon,31
Sinew Dancer,Phyrexia: All Will Be One,1,TRUE,0.03,Common,32
"Skrelv, Defector Mite",Phyrexia: All Will Be One,1,TRUE,2.88,Rare,33
Skrelv's Hive,Phyrexia: All Will Be One,1,TRUE,2.60,Rare,34
Swooping Lookout,Phyrexia: All Will Be One,1,TRUE,0.18,Uncommon,35
Vanish into Eternity,Phyrexia: All Will Be One,1,TRUE,0.17,Common,36
Veil of Assimilation,Phyrexia: All Will Be One,1,FALSE,0.15,Uncommon,37
Veil of Assimilation,Phyrexia: All Will Be One,1,TRUE,0.08,Uncommon,37
White Sun's Twilight,Phyrexia: All Will Be One,1,TRUE,4.53,Rare,38
Zealot's Conviction,Phyrexia: All Will Be One,1,TRUE,0.09,Common,39
Atmosphere Surgeon,Phyrexia: All Will Be One,1,TRUE,0.05,Uncommon,41
Blade of Shared Souls,Phyrexia: All Will Be One,1,TRUE,0.21,Rare,42
Blue Sun's Twilight,Phyrexia: All Will Be One,1,TRUE,0.52,Rare,43
Bring the Ending,Phyrexia: All Will Be One,1,TRUE,0.15,Common,44
Chrome Prowler,Phyrexia: All Will Be One,1,TRUE,0.09,Common,45
Distorted Curiosity,Phyrexia: All Will Be One,1,TRUE,0.08,Uncommon,46
Encroaching Mycosynth,Phyrexia: All Will Be One,1,FALSE,0.40,Rare,47
Escaped Experiment,Phyrexia: All Will Be One,1,TRUE,0.08,Common,48
Experimental Augury,Phyrexia: All Will Be One,1,TRUE,0.62,Common,49
Eye of Malcator,Phyrexia: All Will Be One,1,TRUE,0.06,Common,50
Font of Progress,Phyrexia: All Will Be One,1,TRUE,0.02,Uncommon,51
Gitaxian Anatomist,Phyrexia: All Will Be One,1,TRUE,0.08,Common,52
Gitaxian Raptor,Phyrexia: All Will Be One,1,TRUE,0.03,Common,53
Ichor Synthesizer,Phyrexia: All Will Be One,1,TRUE,0.04,Common,55
Ichormoon Gauntlet,Phyrexia: All Will Be One,1,TRUE,6.58,Mythic Rare,56
"Jace, the Perfected Mind",Phyrexia: All Will Be One,1,TRUE,9.57,Mythic Rare,57
Malcator's Watcher,Phyrexia: All Will Be One,1,TRUE,0.10,Common,58
Meldweb Curator,Phyrexia: All Will Be One,1,TRUE,0.13,Common,59
Meldweb Strider,Phyrexia: All Will Be One,1,TRUE,0.04,Common,60
Mercurial Spelldancer,Phyrexia: All Will Be One,1,TRUE,0.40,Rare,61
Mesmerizing Dose,Phyrexia: All Will Be One,1,TRUE,0.11,Common,62
Mindsplice Apparatus,Phyrexia: All Will Be One,1,TRUE,2.67,Rare,63
Minor Misstep,Phyrexia: All Will Be One,1,TRUE,0.21,Uncommon,64
Prologue to Phyresis,Phyrexia: All Will Be One,1,TRUE,0.38,Common,65
Quicksilver Fisher,Phyrexia: All Will Be One,1,TRUE,0.07,Common,66
Reject Imperfection,Phyrexia: All Will Be One,1,TRUE,0.23,Uncommon,67
Serum Snare,Phyrexia: All Will Be One,1,TRUE,0.36,Uncommon,68
Tamiyo's Immobilizer,Phyrexia: All Will Be One,1,TRUE,0.05,Uncommon,69
Tamiyo's Logbook,Phyrexia: All Will Be One,1,TRUE,0.08,Uncommon,70
"Tekuthal, Inquiry Dominus",Phyrexia: All Will Be One,1,TRUE,7.03,Mythic Rare,71
Thrummingbird,Phyrexia: All Will Be One,1,TRUE,0.24,Uncommon,72
Transplant Theorist,Phyrexia: All Will Be One,1,TRUE,0.08,Uncommon,73
Trawler Drake,Phyrexia: All Will Be One,1,TRUE,0.09,Uncommon,74
"Unctus, Grand Metatect",Phyrexia: All Will Be One,1,TRUE,0.28,Rare,75
Unctus's Retrofitter,Phyrexia: All Will Be One,1,TRUE,0.08,Uncommon,76
Vivisurgeon's Insight,Phyrexia: All Will Be One,1,TRUE,0.11,Common,77
Watchful Blisterzoa,Phyrexia: All Will Be One,1,TRUE,0.08,Uncommon,78
Ambulatory Edifice,Phyrexia: All Will Be One,1,TRUE,0.07,Uncommon,79
Annihilating Glare,Phyrexia: All Will Be One,1,TRUE,0.13,Common,80
Anoint with Affliction,Phyrexia: All Will Be One,1,TRUE,2.43,Common,81
Archfiend of the Dross,Phyrexia: All Will Be One,1,TRUE,9.07,Rare,82
Bilious Skulldweller,Phyrexia: All Will Be One,1,TRUE,0.23,Uncommon,83
Black Sun's Twilight,Phyrexia: All Will Be One,1,TRUE,0.34,Rare,84
Blightbelly Rat,Phyrexia: All Will Be One,1,TRUE,0.27,Common,85
Bonepicker Skirge,Phyrexia: All Will Be One,1,TRUE,0.04,Common,86
Chittering Skitterling,Phyrexia: All Will Be One,1,TRUE,0.09,Uncommon,87
Cruel Grimnarch,Phyrexia: All Will Be One,1,TRUE,0.04,Common,88
Cutthroat Centurion,Phyrexia: All Will Be One,1,TRUE,0.04,Common,89
"Drivnod, Carnage Dominus",Phyrexia: All Will Be One,1,TRUE,4.77,Mythic Rare,90
Drown in Ichor,Phyrexia: All Will Be One,1,TRUE,1.02,Uncommon,91
Duress,Phyrexia: All Will Be One,1,TRUE,0.10,Common,92
Feed the Infection,Phyrexia: All Will Be One,1,TRUE,0.14,Uncommon,93
Fleshless Gladiator,Phyrexia: All Will Be One,1,TRUE,0.04,Common,94
"Geth, Thane of Contracts",Phyrexia: All Will Be One,1,TRUE,0.17,Rare,95
Gulping Scraptrap,Phyrexia: All Will Be One,1,TRUE,0.16,Common,96
Infectious Inquiry,Phyrexia: All Will Be One,1,TRUE,0.27,Common,97
"Karumonix, the Rat King",Phyrexia: All Will Be One,1,TRUE,1.37,Rare,98
Necrogen Communion,Phyrexia: All Will Be One,1,TRUE,0.23,Uncommon,99
Necrosquito,Phyrexia: All Will Be One,1,TRUE,0.14,Uncommon,100
Nimraiser Paladin,Phyrexia: All Will Be One,1,TRUE,0.07,Uncommon,101
Offer Immortality,Phyrexia: All Will Be One,1,TRUE,0.20,Common,102
Pestilent Syphoner,Phyrexia: All Will Be One,1,TRUE,0.18,Common,103
Phyrexian Arena,Phyrexia: All Will Be One,1,TRUE,3.89,Rare,104
Phyrexian Obliterator,Phyrexia: All Will Be One,1,FALSE,7.50,Mythic Rare,105
Ravenous Necrotitan,Phyrexia: All Will Be One,1,TRUE,0.06,Uncommon,106
Scheming Aspirant,Phyrexia: All Will Be One,1,TRUE,0.23,Uncommon,107
Sheoldred's Headcleaver,Phyrexia: All Will Be One,1,TRUE,0.07,Common,109
Stinging Hivemaster,Phyrexia: All Will Be One,1,TRUE,0.07,Common,110
Testament Bearer,Phyrexia: All Will Be One,1,TRUE,0.05,Common,111
Vat Emergence,Phyrexia: All Will Be One,1,TRUE,0.22,Uncommon,112
Vat of Rebirth,Phyrexia: All Will Be One,1,TRUE,0.33,Uncommon,113
"Vraan, Executioner Thane",Phyrexia: All Will Be One,1,TRUE,0.63,Rare,114
"Vraska, Betrayal's Sting",Phyrexia: All Will Be One,1,FALSE,11.75,Mythic Rare,115
Whisper of the Dross,Phyrexia: All Will Be One,1,TRUE,1.52,Common,117
All Will Be One,Phyrexia: All Will Be One,1,TRUE,12.68,Mythic Rare,118
Awaken the Sleeper,Phyrexia: All Will Be One,1,TRUE,0.07,Uncommon,119
Axiom Engraver,Phyrexia: All Will Be One,1,TRUE,0.03,Common,120
Barbed Batterfist,Phyrexia: All Will Be One,1,TRUE,0.12,Common,121
Bladegraft Aspirant,Phyrexia: All Will Be One,1,TRUE,0.16,Common,122
Blazing Crescendo,Phyrexia: All Will Be One,1,TRUE,0.22,Common,123
Cacophony Scamp,Phyrexia: All Will Be One,1,TRUE,1.50,Uncommon,124
Capricious Hellraiser,Phyrexia: All Will Be One,1,FALSE,0.48,Mythic Rare,125
Chimney Rabble,Phyrexia: All Will Be One,1,TRUE,0.12,Common,126
Churning Reservoir,Phyrexia: All Will Be One,1,TRUE,0.10,Uncommon,127
Dragonwing Glider,Phyrexia: All Will Be One,1,TRUE,0.16,Rare,128
Exuberant Fuseling,Phyrexia: All Will Be One,1,TRUE,0.08,Uncommon,129
Forgehammer Centurion,Phyrexia: All Will Be One,1,TRUE,0.03,Common,130
Free from Flesh,Phyrexia: All Will Be One,1,TRUE,0.07,Common,131
Furnace Punisher,Phyrexia: All Will Be One,1,TRUE,0.09,Uncommon,132
Furnace Strider,Phyrexia: All Will Be One,1,TRUE,0.03,Common,133
Gleeful Demolition,Phyrexia: All Will Be One,1,TRUE,0.54,Uncommon,134
Hazardous Blast,Phyrexia: All Will Be One,1,TRUE,0.15,Common,135
Hexgold Halberd,Phyrexia: All Will Be One,1,TRUE,0.14,Uncommon,136
Hexgold Slash,Phyrexia: All Will Be One,1,TRUE,0.03,Common,137
"Koth, Fire of Resistance",Phyrexia: All Will Be One,1,TRUE,0.51,Rare,138
Kuldotha Cackler,Phyrexia: All Will Be One,1,TRUE,0.02,Common,139
Magmatic Sprinter,Phyrexia: All Will Be One,1,TRUE,0.06,Uncommon,140
Molten Rebuke,Phyrexia: All Will Be One,1,TRUE,0.03,Common,141
Nahiri's Sacrifice,Phyrexia: All Will Be One,1,TRUE,0.05,Uncommon,142
Oxidda Finisher,Phyrexia: All Will Be One,1,TRUE,0.10,Uncommon,143
Rebel Salvo,Phyrexia: All Will Be One,1,TRUE,0.24,Uncommon,144
Red Sun's Twilight,Phyrexia: All Will Be One,1,TRUE,0.30,Rare,145
Resistance Skywarden,Phyrexia: All Will Be One,1,TRUE,0.02,Uncommon,146
Sawblade Scamp,Phyrexia: All Will Be One,1,TRUE,0.10,Common,147
Shrapnel Slinger,Phyrexia: All Will Be One,1,TRUE,0.05,Common,148
"Slobad, Iron Goblin",Phyrexia: All Will Be One,1,TRUE,0.19,Rare,149
"Solphim, Mayhem Dominus",Phyrexia: All Will Be One,1,TRUE,21.71,Mythic Rare,150
Thrill of Possibility,Phyrexia: All Will Be One,1,TRUE,0.15,Common,151
Urabrask's Anointer,Phyrexia: All Will Be One,1,TRUE,0.02,Uncommon,152
Urabrask's Forge,Phyrexia: All Will Be One,1,TRUE,7.92,Rare,153
Vindictive Flamestoker,Phyrexia: All Will Be One,1,TRUE,0.16,Rare,154
Volt Charge,Phyrexia: All Will Be One,1,TRUE,0.13,Common,155
Vulshok Splitter,Phyrexia: All Will Be One,1,TRUE,0.12,Common,156
Adaptive Sporesinger,Phyrexia: All Will Be One,1,TRUE,0.11,Common,157
Armored Scrapgorger,Phyrexia: All Will Be One,1,TRUE,0.27,Uncommon,158
Bloated Contaminator,Phyrexia: All Will Be One,1,FALSE,2.34,Rare,159
Branchblight Stalker,Phyrexia: All Will Be One,1,TRUE,0.08,Common,160
Cankerbloom,Phyrexia: All Will Be One,1,TRUE,0.51,Uncommon,161
Carnivorous Canopy,Phyrexia: All Will Be One,1,TRUE,0.12,Common,162
Conduit of Worlds,Phyrexia: All Will Be One,1,TRUE,7.47,Rare,163
Contagious Vorrac,Phyrexia: All Will Be One,1,TRUE,0.10,Common,164
Copper Longlegs,Phyrexia: All Will Be One,1,TRUE,0.15,Common,165
Evolved Spinoderm,Phyrexia: All Will Be One,1,FALSE,0.25,Rare,166
Evolving Adaptive,Phyrexia: All Will Be One,1,TRUE,0.07,Uncommon,167
Expand the Sphere,Phyrexia: All Will Be One,1,TRUE,0.19,Uncommon,168
Green Sun's Twilight,Phyrexia: All Will Be One,1,TRUE,0.23,Rare,169
Ichorspit Basilisk,Phyrexia: All Will Be One,1,TRUE,0.13,Common,170
Incubation Sac,Phyrexia: All Will Be One,1,TRUE,0.07,Uncommon,171
Infectious Bite,Phyrexia: All Will Be One,1,TRUE,0.40,Uncommon,172
Lattice-Blade Mantis,Phyrexia: All Will Be One,1,TRUE,0.04,Common,173
Maze's Mantle,Phyrexia: All Will Be One,1,TRUE,0.04,Common,174
"Nissa, Ascended Animist",Phyrexia: All Will Be One,1,TRUE,6.56,Mythic Rare,175
Noxious Assault,Phyrexia: All Will Be One,1,TRUE,0.21,Uncommon,176
Oil-Gorger Troll,Phyrexia: All Will Be One,1,TRUE,0.02,Common,177
Paladin of Predation,Phyrexia: All Will Be One,1,TRUE,0.15,Uncommon,178
Plague Nurse,Phyrexia: All Will Be One,1,TRUE,0.12,Common,179
Predation Steward,Phyrexia: All Will Be One,1,TRUE,0.02,Common,180
Rustvine Cultivator,Phyrexia: All Will Be One,1,TRUE,0.04,Common,181
Ruthless Predation,Phyrexia: All Will Be One,1,TRUE,0.04,Common,182
Skyscythe Engulfer,Phyrexia: All Will Be One,1,TRUE,0.03,Common,183
Sylvok Battle-Chair,Phyrexia: All Will Be One,1,TRUE,0.03,Uncommon,184
Thirsting Roots,Phyrexia: All Will Be One,1,TRUE,0.44,Common,185
"Thrun, Breaker of Silence",Phyrexia: All Will Be One,1,TRUE,0.31,Rare,186
Titanic Growth,Phyrexia: All Will Be One,1,TRUE,0.05,Common,187
Tyrranax Atrocity,Phyrexia: All Will Be One,1,TRUE,0.10,Common,188
Tyrranax Rex,Phyrexia: All Will Be One,1,FALSE,6.72,Mythic Rare,189
Tyvar's Stand,Phyrexia: All Will Be One,1,TRUE,2.34,Uncommon,190
Unnatural Restoration,Phyrexia: All Will Be One,1,TRUE,0.76,Uncommon,191
Venerated Rotpriest,Phyrexia: All Will Be One,1,TRUE,2.41,Rare,192
Venomous Brutalizer,Phyrexia: All Will Be One,1,TRUE,0.11,Uncommon,193
Viral Spawning,Phyrexia: All Will Be One,1,TRUE,0.06,Uncommon,194
"Zopandrel, Hunger Dominus",Phyrexia: All Will Be One,1,TRUE,9.35,Mythic Rare,195
"Atraxa, Grand Unifier",Phyrexia: All Will Be One,1,FALSE,19.97,Mythic Rare,196
"Atraxa, Grand Unifier",Phyrexia: All Will Be One,1,TRUE,20.26,Mythic Rare,196
Bladehold War-Whip,Phyrexia: All Will Be One,1,TRUE,0.31,Uncommon,197
Cephalopod Sentry,Phyrexia: All Will Be One,1,TRUE,0.10,Uncommon,198
Charforger,Phyrexia: All Will Be One,1,TRUE,0.07,Uncommon,199
Cinderslash Ravager,Phyrexia: All Will Be One,1,TRUE,0.07,Uncommon,200
"Ezuri, Stalker of Spheres",Phyrexia: All Will Be One,1,TRUE,0.57,Rare,201
Glissa Sunslayer,Phyrexia: All Will Be One,1,TRUE,11.18,Rare,202
"Jor Kadeen, First Goldwarden",Phyrexia: All Will Be One,1,TRUE,0.21,Rare,203
"Kaito, Dancing Shadow",Phyrexia: All Will Be One,1,TRUE,0.54,Rare,204
"Kaya, Intangible Slayer",Phyrexia: All Will Be One,1,TRUE,0.32,Rare,205
"Kethek, Crucible Goliath",Phyrexia: All Will Be One,1,TRUE,0.15,Rare,206
"Lukka, Bound to Ruin",Phyrexia: All Will Be One,1,TRUE,0.50,Mythic Rare,207
"Malcator, Purity Overseer",Phyrexia: All Will Be One,1,TRUE,0.17,Rare,208
"Melira, the Living Cure",Phyrexia: All Will Be One,1,TRUE,0.17,Rare,209
"Migloz, Maze Crusher",Phyrexia: All Will Be One,1,TRUE,0.22,Rare,210
"Nahiri, the Unforgiving",Phyrexia: All Will Be One,1,FALSE,0.50,Mythic Rare,211
Necrogen Rotpriest,Phyrexia: All Will Be One,1,FALSE,0.20,Uncommon,212
"Ovika, Enigma Goliath",Phyrexia: All Will Be One,1,TRUE,0.41,Rare,213
"Ria Ivor, Bane of Bladehold",Phyrexia: All Will Be One,1,TRUE,0.20,Rare,214
Serum-Core Chimera,Phyrexia: All Will Be One,1,TRUE,0.05,Uncommon,215
Slaughter Singer,Phyrexia: All Will Be One,1,TRUE,0.18,Uncommon,216
Tainted Observer,Phyrexia: All Will Be One,1,TRUE,0.22,Uncommon,217
"Tyvar, Jubilant Brawler",Phyrexia: All Will Be One,1,TRUE,1.80,Rare,218
"Venser, Corpse Puppet",Phyrexia: All Will Be One,1,TRUE,0.20,Rare,219
Vivisection Evangelist,Phyrexia: All Will Be One,1,TRUE,0.07,Uncommon,220
Voidwing Hybrid,Phyrexia: All Will Be One,1,FALSE,0.25,Uncommon,221
Argentum Masticore,Phyrexia: All Will Be One,1,TRUE,0.21,Rare,222
Atraxa's Skitterfang,Phyrexia: All Will Be One,1,TRUE,0.12,Uncommon,223
Basilica Skullbomb,Phyrexia: All Will Be One,1,TRUE,0.09,Common,224
Dross Skullbomb,Phyrexia: All Will Be One,1,TRUE,0.11,Common,225
Dune Mover,Phyrexia: All Will Be One,1,TRUE,0.17,Common,226
The Filigree Sylex,Phyrexia: All Will Be One,1,TRUE,0.25,Rare,227
Furnace Skullbomb,Phyrexia: All Will Be One,1,TRUE,0.04,Common,228
"Graaz, Unstoppable Juggernaut",Phyrexia: All Will Be One,1,TRUE,0.24,Rare,229
Ichorplate Golem,Phyrexia: All Will Be One,1,TRUE,0.07,Uncommon,230
Maze Skullbomb,Phyrexia: All Will Be One,1,TRUE,0.05,Common,231
Mirran Safehouse,Phyrexia: All Will Be One,1,TRUE,0.12,Rare,232
Monument to Perfection,Phyrexia: All Will Be One,1,TRUE,0.20,Rare,233
Myr Convert,Phyrexia: All Will Be One,1,TRUE,0.24,Uncommon,234
Myr Custodian,Phyrexia: All Will Be One,1,TRUE,0.10,Common,235
Myr Kinsmith,Phyrexia: All Will Be One,1,TRUE,0.14,Common,236
Phyrexian Atlas,Phyrexia: All Will Be One,1,TRUE,0.11,Common,237
Prophetic Prism,Phyrexia: All Will Be One,1,TRUE,0.11,Common,238
Prosthetic Injector,Phyrexia: All Will Be One,1,TRUE,0.13,Uncommon,239
Ribskiff,Phyrexia: All Will Be One,1,TRUE,0.06,Uncommon,240
Soulless Jailer,Phyrexia: All Will Be One,1,TRUE,1.80,Rare,241
Staff of Compleation,Phyrexia: All Will Be One,1,TRUE,5.84,Mythic Rare,242
Surgical Skullbomb,Phyrexia: All Will Be One,1,TRUE,0.08,Common,243
Sword of Forge and Frontier,Phyrexia: All Will Be One,1,TRUE,7.37,Mythic Rare,244
Tablet of Compleation,Phyrexia: All Will Be One,1,TRUE,0.17,Rare,245
Zenith Chronicler,Phyrexia: All Will Be One,1,TRUE,0.37,Rare,246
The Autonomous Furnace,Phyrexia: All Will Be One,1,TRUE,0.13,Common,247
Blackcleave Cliffs,Phyrexia: All Will Be One,1,FALSE,2.22,Rare,248
Copperline Gorge,Phyrexia: All Will Be One,1,TRUE,3.31,Rare,249
Darkslick Shores,Phyrexia: All Will Be One,1,TRUE,4.99,Rare,250
The Dross Pits,Phyrexia: All Will Be One,1,TRUE,0.15,Common,251
The Fair Basilica,Phyrexia: All Will Be One,1,TRUE,0.12,Common,252
The Hunter Maze,Phyrexia: All Will Be One,1,TRUE,0.12,Common,253
Mirrex,Phyrexia: All Will Be One,1,TRUE,3.12,Rare,254
The Monumental Facade,Phyrexia: All Will Be One,1,TRUE,0.17,Rare,255
The Mycosynth Gardens,Phyrexia: All Will Be One,1,TRUE,3.04,Rare,256
Razorverge Thicket,Phyrexia: All Will Be One,1,FALSE,1.64,Rare,257
Seachrome Coast,Phyrexia: All Will Be One,1,TRUE,2.81,Rare,258
The Seedcore,Phyrexia: All Will Be One,1,TRUE,0.35,Rare,259
The Surgical Bay,Phyrexia: All Will Be One,1,TRUE,0.13,Common,260
Terramorphic Expanse,Phyrexia: All Will Be One,1,TRUE,0.24,Common,261
Plains (262),Phyrexia: All Will Be One,1,TRUE,0.33,Basic Land,262
Island (263),Phyrexia: All Will Be One,1,TRUE,0.25,Basic Land,263
Swamp (264),Phyrexia: All Will Be One,1,TRUE,0.20,Basic Land,264
Mountain (265),Phyrexia: All Will Be One,1,TRUE,0.28,Basic Land,265
Forest (266),Phyrexia: All Will Be One,1,TRUE,0.25,Basic Land,266
Plains (267),Phyrexia: All Will Be One,1,TRUE,1.20,Basic Land,267
Island (268),Phyrexia: All Will Be One,1,TRUE,0.87,Basic Land,268
Swamp (269),Phyrexia: All Will Be One,1,TRUE,2.48,Basic Land,269
Mountain (270),Phyrexia: All Will Be One,1,TRUE,1.25,Basic Land,270
Forest (271),Phyrexia: All Will Be One,1,TRUE,1.04,Basic Land,271
Plains (272),Phyrexia: All Will Be One Variants,1,TRUE,0.11,Basic Land,272
Island (273),Phyrexia: All Will Be One Variants,1,TRUE,0.12,Basic Land,273
Swamp (274),Phyrexia: All Will Be One Variants,1,TRUE,0.12,Basic Land,274
Mountain (275),Phyrexia: All Will Be One Variants,1,TRUE,0.13,Basic Land,275
Forest (276),Phyrexia: All Will Be One Variants,1,TRUE,0.13,Basic Land,276
Bladed Ambassador (Showcase),Phyrexia: All Will Be One Variants,1,TRUE,0.09,Uncommon,285
Sinew Dancer (Showcase),Phyrexia: All Will Be One Variants,1,TRUE,0.05,Common,286
Quicksilver Fisher (Showcase),Phyrexia: All Will Be One Variants,1,TRUE,0.08,Common,287
Thrummingbird (Showcase),Phyrexia: All Will Be One Variants,1,TRUE,0.10,Uncommon,288
Blightbelly Rat (Showcase),Phyrexia: All Will Be One Variants,1,TRUE,0.11,Common,289
Bonepicker Skirge (Showcase),Phyrexia: All Will Be One Variants,1,TRUE,0.04,Common,290
Furnace Punisher (Showcase),Phyrexia: All Will Be One Variants,1,TRUE,0.08,Uncommon,291
Sawblade Scamp (Showcase),Phyrexia: All Will Be One Variants,1,TRUE,0.09,Common,292
Urabrask's Anointer (Showcase),Phyrexia: All Will Be One Variants,1,TRUE,0.06,Uncommon,293
Cankerbloom (Showcase),Phyrexia: All Will Be One Variants,1,TRUE,0.25,Uncommon,294
Rustvine Cultivator (Showcase),Phyrexia: All Will Be One Variants,1,TRUE,0.05,Common,295
Necrogen Rotpriest (Showcase),Phyrexia: All Will Be One Variants,1,TRUE,0.08,Uncommon,296
Myr Convert (Showcase),Phyrexia: All Will Be One Variants,1,TRUE,0.08,Uncommon,297
"Elesh Norn, Mother of Machines (Borderless)",Phyrexia: All Will Be One Variants,1,FALSE,27.86,Mythic Rare,298
"Mondrak, Glory Dominus (Borderless)",Phyrexia: All Will Be One Variants,1,TRUE,40.96,Mythic Rare,299
Phyrexian Vindicator (Borderless),Phyrexia: All Will Be One Variants,1,TRUE,3.77,Mythic Rare,300
"Skrelv, Defector Mite (Borderless)",Phyrexia: All Will Be One Variants,1,TRUE,2.14,Rare,301
"Tekuthal, Inquiry Dominus (Borderless)",Phyrexia: All Will Be One Variants,1,TRUE,5.36,Mythic Rare,302
"Unctus, Grand Metatect (Borderless)",Phyrexia: All Will Be One Variants,1,TRUE,0.46,Rare,303
Archfiend of the Dross (Borderless),Phyrexia: All Will Be One Variants,1,TRUE,6.25,Rare,304
"Drivnod, Carnage Dominus (Borderless)",Phyrexia: All Will Be One Variants,1,TRUE,4.91,Mythic Rare,305
"Geth, Thane of Contracts (Borderless)",Phyrexia: All Will Be One Variants,1,FALSE,0.25,Rare,306
"Karumonix, the Rat King (Borderless)",Phyrexia: All Will Be One Variants,1,TRUE,0.91,Rare,307
Phyrexian Obliterator (Borderless),Phyrexia: All Will Be One Variants,1,TRUE,7.52,Mythic Rare,308
"Vraan, Executioner Thane (Borderless)",Phyrexia: All Will Be One Variants,1,TRUE,0.43,Rare,309
Capricious Hellraiser (Borderless),Phyrexia: All Will Be One Variants,1,TRUE,0.45,Mythic Rare,310
"Slobad, Iron Goblin (Borderless)",Phyrexia: All Will Be One Variants,1,TRUE,0.20,Rare,311
"Solphim, Mayhem Dominus (Borderless)",Phyrexia: All Will Be One Variants,1,FALSE,19.98,Mythic Rare,312
Evolved Spinoderm (Borderless),Phyrexia: All Will Be One Variants,1,TRUE,0.17,Rare,313
Tyrranax Rex (Borderless),Phyrexia: All Will Be One Variants,1,TRUE,5.39,Mythic Rare,314
"Zopandrel, Hunger Dominus (Borderless)",Phyrexia: All Will Be One Variants,1,FALSE,9.08,Mythic Rare,315
"Atraxa, Grand Unifier (Borderless)",Phyrexia: All Will Be One Variants,1,FALSE,22.90,Mythic Rare,316
"Ezuri, Stalker of Spheres (Borderless)",Phyrexia: All Will Be One Variants,1,TRUE,0.82,Rare,317
Glissa Sunslayer (Borderless),Phyrexia: All Will Be One Variants,1,TRUE,7.69,Rare,318
"Kethek, Crucible Goliath (Borderless)",Phyrexia: All Will Be One Variants,1,TRUE,0.15,Rare,319
"Malcator, Purity Overseer (Borderless)",Phyrexia: All Will Be One Variants,1,TRUE,0.18,Rare,320
"Migloz, Maze Crusher (Borderless)",Phyrexia: All Will Be One Variants,1,TRUE,0.21,Rare,321
"Ovika, Enigma Goliath (Borderless)",Phyrexia: All Will Be One Variants,1,TRUE,0.47,Rare,322
"Ria Ivor, Bane of Bladehold (Borderless)",Phyrexia: All Will Be One Variants,1,TRUE,0.29,Rare,323
"Venser, Corpse Puppet (Borderless)",Phyrexia: All Will Be One Variants,1,FALSE,0.30,Rare,324
"Jace, the Perfected Mind (Phyrexian)",Phyrexia: All Will Be One Variants,1,TRUE,5.53,Mythic Rare,325
"Vraska, Betrayal's Sting (Phyrexian)",Phyrexia: All Will Be One Variants,1,TRUE,9.03,Mythic Rare,326
"Nissa, Ascended Animist (Phyrexian)",Phyrexia: All Will Be One Variants,1,TRUE,2.66,Mythic Rare,327
"Nahiri, the Unforgiving (Phyrexian)",Phyrexia: All Will Be One Variants,1,TRUE,0.45,Mythic Rare,329
"Kemba, Kha Enduring (Borderless)",Phyrexia: All Will Be One Variants,1,TRUE,0.27,Rare,330
"Thrun, Breaker of Silence (Borderless)",Phyrexia: All Will Be One Variants,1,TRUE,0.34,Rare,331
"Jor Kadeen, First Goldwarden (Borderless)",Phyrexia: All Will Be One Variants,1,TRUE,0.31,Rare,332
"Melira, the Living Cure (Borderless)",Phyrexia: All Will Be One Variants,1,TRUE,0.23,Rare,333
"Graaz, Unstoppable Juggernaut (Borderless)",Phyrexia: All Will Be One Variants,1,TRUE,0.31,Rare,334
The Eternal Wanderer (Borderless),Phyrexia: All Will Be One Variants,1,TRUE,1.83,Rare,335
"Jace, the Perfected Mind (Borderless)",Phyrexia: All Will Be One Variants,1,FALSE,10.90,Mythic Rare,336
"Vraska, Betrayal's Sting (Borderless)",Phyrexia: All Will Be One Variants,1,FALSE,18.31,Mythic Rare,337
"Koth, Fire of Resistance (Borderless)",Phyrexia: All Will Be One Variants,1,TRUE,0.66,Rare,338
"Nissa, Ascended Animist (Borderless)",Phyrexia: All Will Be One Variants,1,FALSE,7.37,Mythic Rare,339
"Kaito, Dancing Shadow (Borderless)",Phyrexia: All Will Be One Variants,1,TRUE,0.58,Rare,340
"Kaya, Intangible Slayer (Borderless)",Phyrexia: All Will Be One Variants,1,TRUE,0.42,Rare,341
"Lukka, Bound to Ruin (Borderless)",Phyrexia: All Will Be One Variants,1,TRUE,0.85,Mythic Rare,342
"Nahiri, the Unforgiving (Borderless)",Phyrexia: All Will Be One Variants,1,FALSE,1.25,Mythic Rare,343
"Tyvar, Jubilant Brawler (Borderless)",Phyrexia: All Will Be One Variants,1,TRUE,1.74,Rare,344
"Elesh Norn, Mother of Machines (Oil Slick Raised Foil)",Phyrexia: All Will Be One Variants,1,TRUE,48.00,Mythic Rare,345
"Mondrak, Glory Dominus (Oil Slick Raised Foil)",Phyrexia: All Will Be One Variants,1,TRUE,71.66,Mythic Rare,346
Phyrexian Vindicator (Oil Slick Raised Foil),Phyrexia: All Will Be One Variants,1,TRUE,11.98,Mythic Rare,347
Ichormoon Gauntlet (Oil Slick Raised Foil),Phyrexia: All Will Be One Variants,1,TRUE,15.81,Mythic Rare,348
"Drivnod, Carnage Dominus (Oil Slick Raised Foil)",Phyrexia: All Will Be One Variants,1,TRUE,14.94,Mythic Rare,350
All Will Be One (Oil Slick Raised Foil),Phyrexia: All Will Be One Variants,1,TRUE,26.80,Mythic Rare,352
Capricious Hellraiser (Oil Slick Raised Foil),Phyrexia: All Will Be One Variants,1,TRUE,3.63,Mythic Rare,353
"Solphim, Mayhem Dominus (Oil Slick Raised Foil)",Phyrexia: All Will Be One Variants,1,TRUE,38.48,Mythic Rare,354
Tyrranax Rex (Oil Slick Raised Foil),Phyrexia: All Will Be One Variants,1,TRUE,17.04,Mythic Rare,355
"Zopandrel, Hunger Dominus (Oil Slick Raised Foil)",Phyrexia: All Will Be One Variants,1,TRUE,17.94,Mythic Rare,356
"Atraxa, Grand Unifier (Oil Slick Raised Foil)",Phyrexia: All Will Be One Variants,1,TRUE,67.21,Mythic Rare,357
Staff of Compleation (Oil Slick Raised Foil),Phyrexia: All Will Be One Variants,1,TRUE,15.17,Mythic Rare,358
Sword of Forge and Frontier (Oil Slick Raised Foil),Phyrexia: All Will Be One Variants,1,TRUE,18.67,Mythic Rare,359
"Jace, the Perfected Mind (Oil Slick Raised Foil)",Phyrexia: All Will Be One Variants,1,TRUE,15.29,Mythic Rare,360
"Vraska, Betrayal's Sting (Oil Slick Raised Foil)",Phyrexia: All Will Be One Variants,1,TRUE,19.46,Mythic Rare,361
"Nissa, Ascended Animist (Oil Slick Raised Foil)",Phyrexia: All Will Be One Variants,1,TRUE,12.60,Mythic Rare,362
"Nahiri, the Unforgiving (Oil Slick Raised Foil)",Phyrexia: All Will Be One Variants,1,TRUE,3.59,Mythic Rare,364
Plains (365) (Oil Slick Raised Foil),Phyrexia: All Will Be One Variants,1,TRUE,5.54,Basic Land,365
Island (366) (Oil Slick Raised Foil),Phyrexia: All Will Be One Variants,1,TRUE,5.31,Basic Land,366
Swamp (367) (Oil Slick Raised Foil),Phyrexia: All Will Be One Variants,1,TRUE,13.09,Basic Land,367
Mountain (368) (Oil Slick Raised Foil),Phyrexia: All Will Be One Variants,1,TRUE,5.76,Basic Land,368
Forest (369) (Oil Slick Raised Foil),Phyrexia: All Will Be One Variants,1,TRUE,5.50,Basic Land,369
Blackcleave Cliffs (Borderless),Phyrexia: All Will Be One Variants,1,TRUE,3.86,Rare,370
Copperline Gorge (Borderless),Phyrexia: All Will Be One Variants,1,TRUE,4.74,Rare,371
Darkslick Shores (Borderless),Phyrexia: All Will Be One Variants,1,TRUE,6.51,Rare,372
Razorverge Thicket (Borderless),Phyrexia: All Will Be One Variants,1,TRUE,2.17,Rare,373
Seachrome Coast (Borderless),Phyrexia: All Will Be One Variants,1,FALSE,3.77,Rare,374
Norn's Wellspring (Extended Art),Phyrexia: All Will Be One Variants,1,TRUE,0.28,Rare,375
Skrelv's Hive (Extended Art),Phyrexia: All Will Be One Variants,1,FALSE,2.22,Rare,376
White Sun's Twilight (Extended Art),Phyrexia: All Will Be One Variants,1,TRUE,2.96,Rare,377
Blade of Shared Souls (Extended Art),Phyrexia: All Will Be One Variants,1,TRUE,0.25,Rare,378
Blue Sun's Twilight (Extended Art),Phyrexia: All Will Be One Variants,1,TRUE,0.71,Rare,379
Encroaching Mycosynth (Extended Art),Phyrexia: All Will Be One Variants,1,TRUE,0.68,Rare,380
Mercurial Spelldancer (Extended Art),Phyrexia: All Will Be One Variants,1,TRUE,0.53,Rare,381
Mindsplice Apparatus (Extended Art),Phyrexia: All Will Be One Variants,1,TRUE,1.24,Rare,382
Black Sun's Twilight (Extended Art),Phyrexia: All Will Be One Variants,1,TRUE,0.38,Rare,383
Phyrexian Arena (Extended Art),Phyrexia: All Will Be One Variants,1,TRUE,4.53,Rare,384
Dragonwing Glider (Extended Art),Phyrexia: All Will Be One Variants,1,TRUE,0.19,Rare,385
Red Sun's Twilight (Extended Art),Phyrexia: All Will Be One Variants,1,FALSE,0.40,Rare,386
Urabrask's Forge (Extended Art),Phyrexia: All Will Be One Variants,1,FALSE,7.50,Rare,387
Vindictive Flamestoker (Extended Art),Phyrexia: All Will Be One Variants,1,TRUE,0.25,Rare,388
Bloated Contaminator (Extended Art),Phyrexia: All Will Be One Variants,1,TRUE,2.40,Rare,389
Conduit of Worlds (Extended Art),Phyrexia: All Will Be One Variants,1,TRUE,7.15,Rare,390
Green Sun's Twilight (Extended Art),Phyrexia: All Will Be One Variants,1,FALSE,0.49,Rare,391
Venerated Rotpriest (Extended Art),Phyrexia: All Will Be One Variants,1,TRUE,3.07,Rare,392
Argentum Masticore (Extended Art),Phyrexia: All Will Be One Variants,1,TRUE,0.33,Rare,393
The Filigree Sylex (Extended Art),Phyrexia: All Will Be One Variants,1,TRUE,0.33,Rare,394
Mirran Safehouse (Extended Art),Phyrexia: All Will Be One Variants,1,TRUE,0.17,Rare,395
Monument to Perfection (Extended Art),Phyrexia: All Will Be One Variants,1,TRUE,0.27,Rare,396
Soulless Jailer (Extended Art),Phyrexia: All Will Be One Variants,1,TRUE,3.91,Rare,397
Tablet of Compleation (Extended Art),Phyrexia: All Will Be One Variants,1,TRUE,0.22,Rare,398
Zenith Chronicler (Extended Art),Phyrexia: All Will Be One Variants,1,TRUE,0.49,Rare,399
Mirrex (Extended Art),Phyrexia: All Will Be One Variants,1,TRUE,4.00,Rare,400
The Monumental Facade (Extended Art),Phyrexia: All Will Be One Variants,1,TRUE,0.22,Rare,401
The Mycosynth Gardens (Extended Art),Phyrexia: All Will Be One Variants,1,FALSE,2.96,Rare,402
The Seedcore (Extended Art),Phyrexia: All Will Be One Variants,1,TRUE,0.75,Rare,403
Mite Overseer,Phyrexia: All Will Be One Variants,1,FALSE,0.50,Rare,404
Serum Sovereign,Phyrexia: All Will Be One Variants,1,FALSE,0.25,Rare,405
"Rhuk, Hexgold Nabber",Phyrexia: All Will Be One Variants,1,FALSE,0.25,Rare,407
Goliath Hatchery,Phyrexia: All Will Be One Variants,1,TRUE,1.28,Rare,408
Mite Overseer,Phyrexia: All Will Be One Variants,1,FALSE,0.62,Rare,409
Serum Sovereign,Phyrexia: All Will Be One Variants,1,FALSE,0.40,Rare,410
Kinzu of the Bleak Coven,Phyrexia: All Will Be One Variants,1,FALSE,0.47,Rare,411
"Rhuk, Hexgold Nabber",Phyrexia: All Will Be One Variants,1,FALSE,0.30,Rare,412
Goliath Hatchery,Phyrexia: All Will Be One Variants,1,FALSE,0.32,Rare,413
"Elesh Norn, Mother of Machines (414)",Phyrexia: All Will Be One Variants,1,FALSE,19.97,Mythic Rare,414
"Elesh Norn, Mother of Machines (415)",Phyrexia: All Will Be One Variants,1,FALSE,0.00,Mythic Rare,415
"Elesh Norn, Mother of Machines (416)",Phyrexia: All Will Be One Variants,1,TRUE,73.47,Mythic Rare,416
Bladed Ambassador,Phyrexia: All Will Be One Variants,1,TRUE,0.15,Uncommon,417
"Elesh Norn, Mother of Machines (418)",Phyrexia: All Will Be One Variants,1,TRUE,24.23,Mythic Rare,418
"Elesh Norn, Mother of Machines (420)",Phyrexia: All Will Be One Variants,1,TRUE,29.03,Mythic Rare,420
The Eternal Wanderer (Step-and-Compleat Foil),Phyrexia: All Will Be One Variants,1,TRUE,7.28,Rare,422
"Kemba, Kha Enduring (Step-and-Compleat Foil)",Phyrexia: All Will Be One Variants,1,TRUE,1.91,Rare,423
"Mondrak, Glory Dominus (Step-and-Compleat Foil)",Phyrexia: All Will Be One Variants,1,TRUE,57.20,Mythic Rare,424
Sinew Dancer (Step-and-Compleat Foil),Phyrexia: All Will Be One Variants,1,TRUE,0.15,Common,426
"Skrelv, Defector Mite (Step-and-Compleat Foil)",Phyrexia: All Will Be One Variants,1,TRUE,5.58,Rare,427
"Jace, the Perfected Mind (Step-and-Compleat Foil)",Phyrexia: All Will Be One Variants,1,TRUE,14.03,Mythic Rare,428
"Jace, the Perfected Mind (Step-and-Compleat Foil)",Phyrexia: All Will Be One Variants,1,TRUE,5.74,Mythic Rare,429
Quicksilver Fisher (Step-and-Compleat Foil),Phyrexia: All Will Be One Variants,1,TRUE,0.15,Common,430
Thrummingbird (Step-and-Compleat Foil),Phyrexia: All Will Be One Variants,1,TRUE,1.28,Uncommon,432
Archfiend of the Dross (Step-and-Compleat Foil),Phyrexia: All Will Be One Variants,1,TRUE,10.81,Rare,434
Blightbelly Rat (Step-and-Compleat Foil),Phyrexia: All Will Be One Variants,1,TRUE,0.22,Common,435
Bonepicker Skirge (Step-and-Compleat Foil),Phyrexia: All Will Be One Variants,1,TRUE,0.20,Common,436
"Geth, Thane of Contracts (Step-and-Compleat Foil)",Phyrexia: All Will Be One Variants,1,TRUE,0.32,Rare,438
Phyrexian Obliterator (Step-and-Compleat Foil),Phyrexia: All Will Be One Variants,1,TRUE,14.21,Mythic Rare,440
"Vraan, Executioner Thane (Step-and-Compleat Foil)",Phyrexia: All Will Be One Variants,1,TRUE,3.63,Rare,441
"Vraska, Betrayal's Sting (Step-and-Compleat Foil)",Phyrexia: All Will Be One Variants,1,TRUE,11.29,Mythic Rare,443
Furnace Punisher (Step-and-Compleat Foil),Phyrexia: All Will Be One Variants,1,TRUE,0.17,Uncommon,445
"Koth, Fire of Resistance (Step-and-Compleat Foil)",Phyrexia: All Will Be One Variants,1,TRUE,2.04,Rare,446
Sawblade Scamp (Step-and-Compleat Foil),Phyrexia: All Will Be One Variants,1,TRUE,0.11,Common,447
"Slobad, Iron Goblin (Step-and-Compleat Foil)",Phyrexia: All Will Be One Variants,1,TRUE,0.91,Rare,448
Urabrask's Anointer (Step-and-Compleat Foil),Phyrexia: All Will Be One Variants,1,TRUE,0.18,Uncommon,450
Cankerbloom (Step-and-Compleat Foil),Phyrexia: All Will Be One Variants,1,TRUE,1.87,Uncommon,451
"Nissa, Ascended Animist (Step-and-Compleat Foil)",Phyrexia: All Will Be One Variants,1,TRUE,3.72,Mythic Rare,453
Rustvine Cultivator (Step-and-Compleat Foil),Phyrexia: All Will Be One Variants,1,TRUE,0.17,Common,455
"Ezuri, Stalker of Spheres (Step-and-Compleat Foil)",Phyrexia: All Will Be One Variants,1,TRUE,2.93,Rare,460
Glissa Sunslayer (Step-and-Compleat Foil),Phyrexia: All Will Be One Variants,1,TRUE,13.99,Rare,461
"Jor Kadeen, First Goldwarden (Step-and-Compleat Foil)",Phyrexia: All Will Be One Variants,1,TRUE,1.22,Rare,462
"Kaito, Dancing Shadow (Step-and-Compleat Foil)",Phyrexia: All Will Be One Variants,1,TRUE,3.83,Rare,463
"Kaya, Intangible Slayer (Step-and-Compleat Foil)",Phyrexia: All Will Be One Variants,1,TRUE,2.20,Rare,464
"Lukka, Bound to Ruin (Step-and-Compleat Foil)",Phyrexia: All Will Be One Variants,1,TRUE,1.28,Mythic Rare,467
"Malcator, Purity Overseer (Step-and-Compleat Foil)",Phyrexia: All Will Be One Variants,1,TRUE,0.98,Rare,468
"Melira, the Living Cure (Step-and-Compleat Foil)",Phyrexia: All Will Be One Variants,1,TRUE,1.41,Rare,469
"Migloz, Maze Crusher (Step-and-Compleat Foil)",Phyrexia: All Will Be One Variants,1,TRUE,0.77,Rare,470
"Nahiri, the Unforgiving (Step-and-Compleat Foil)",Phyrexia: All Will Be One Variants,1,TRUE,1.29,Mythic Rare,472
Necrogen Rotpriest (Step-and-Compleat Foil),Phyrexia: All Will Be One Variants,1,TRUE,0.26,Uncommon,473
Myr Convert (Step-and-Compleat Foil),Phyrexia: All Will Be One Variants,1,TRUE,0.33,Uncommon,479
